{
  "properties": {
    "connectionReferences": {
      "shared_commondataserviceforapps": {
        "runtimeSource": "embedded",
        "connection": {
          "connectionReferenceLogicalName": "new_sharedcommondataserviceforapps_d04e4"
        },
        "api": {
          "name": "shared_commondataserviceforapps"
        }
      },
      "shared_office365": {
        "runtimeSource": "invoker",
        "connection": {
          "connectionReferenceLogicalName": "new_sharedoffice365_eca6d"
        },
        "api": {
          "name": "shared_office365"
        }
      },
      "shared_bitly": {
        "runtimeSource": "invoker",
        "connection": {
          "connectionReferenceLogicalName": "ya_sharedbitly_25b97"
        },
        "api": {
          "name": "shared_bitly"
        }
      }
    },
    "definition": {
      "$schema": "https://schema.management.azure.com/providers/Microsoft.Logic/schemas/2016-06-01/workflowdefinition.json#",
      "contentVersion": "1.0.0.0",
      "parameters": {
        "$connections": {
          "defaultValue": {},
          "type": "Object"
        },
        "$authentication": {
          "defaultValue": {},
          "type": "SecureObject"
        }
      },
      "triggers": {
        "manual": {
          "metadata": {
            "operationMetadataId": "8aa994a4-f7aa-4d5a-9b7d-c9497f5706bd"
          },
          "type": "Request",
          "kind": "Button",
          "inputs": {
            "schema": {
              "type": "object",
              "properties": {},
              "required": []
            }
          }
        }
      },
      "actions": {
        "行を一覧にする": {
          "runAfter": {
            "変数Messageを初期化する": [
              "Succeeded"
            ]
          },
          "metadata": {
            "operationMetadataId": "898b1e8b-c033-4167-aae2-1d48a2dee4b1"
          },
          "type": "OpenApiConnection",
          "inputs": {
            "host": {
              "connectionName": "shared_commondataserviceforapps",
              "operationId": "ListRecords",
              "apiId": "/providers/Microsoft.PowerApps/apis/shared_commondataserviceforapps"
            },
            "parameters": {
              "entityName": "ya_targetusers",
              "$filter": "ya_upn ne null"
            },
            "authentication": {
              "type": "Raw",
              "value": "@json(decodeBase64(triggerOutputs().headers['X-MS-APIM-Tokens']))['$ConnectionKey']"
            }
          }
        },
        "Apply_to_each": {
          "foreach": "@outputs('行を一覧にする')?['body/value']",
          "actions": {
            "個別URL": {
              "runAfter": {},
              "metadata": {
                "operationMetadataId": "aaa4c39d-462c-4317-9c71-67c9a4ff3a5f"
              },
              "type": "Compose",
              "inputs": "@{variables('TrapURL')}@{items('Apply_to_each')?['ya_upn']}"
            },
            "メールの送信_(V2)": {
              "runAfter": {
                "変数の設定": [
                  "Succeeded"
                ]
              },
              "metadata": {
                "operationMetadataId": "ca844a32-4981-41e6-9622-ad4d440cf3b3"
              },
              "type": "OpenApiConnection",
              "inputs": {
                "host": {
                  "connectionName": "shared_office365",
                  "operationId": "SendEmailV2",
                  "apiId": "/providers/Microsoft.PowerApps/apis/shared_office365"
                },
                "parameters": {
                  "emailMessage/To": "@items('Apply_to_each')?['ya_upn']",
                  "emailMessage/Subject": "@variables('Subject')",
                  "emailMessage/Body": "<p>@{variables('Message')}</p>",
                  "emailMessage/Importance": "High"
                },
                "authentication": {
                  "type": "Raw",
                  "value": "@json(decodeBase64(triggerOutputs().headers['X-MS-APIM-Tokens']))['$ConnectionKey']"
                }
              }
            },
            "Bitlink_を作成_(V2)": {
              "runAfter": {
                "個別URL": [
                  "Succeeded"
                ]
              },
              "metadata": {
                "operationMetadataId": "6cbd882f-76ac-44ff-8756-2ef4438526cb"
              },
              "type": "OpenApiConnection",
              "inputs": {
                "host": {
                  "connectionName": "shared_bitly",
                  "operationId": "CreateBitlink_V2",
                  "apiId": "/providers/Microsoft.PowerApps/apis/shared_bitly"
                },
                "parameters": {
                  "body/long_url": "@outputs('個別URL')"
                },
                "authentication": {
                  "type": "Raw",
                  "value": "@json(decodeBase64(triggerOutputs().headers['X-MS-APIM-Tokens']))['$ConnectionKey']"
                }
              }
            },
            "変数の設定": {
              "runAfter": {
                "Bitlink_を作成_(V2)": [
                  "Succeeded"
                ]
              },
              "metadata": {
                "operationMetadataId": "7d400458-9535-4b70-934c-fa67bdfc6bc3"
              },
              "type": "SetVariable",
              "inputs": {
                "name": "Message",
                "value": "@{replace(variables('MessageTemplate'),'%URL%', outputs('Bitlink_を作成_(V2)')?['body/link'])}"
              }
            }
          },
          "runAfter": {
            "行を一覧にする": [
              "Succeeded"
            ]
          },
          "metadata": {
            "operationMetadataId": "a6fb78a5-407d-4947-af9f-72fe5291e5ed"
          },
          "type": "Foreach"
        },
        "変数Subjectを初期化する": {
          "runAfter": {
            "変数TrapURLを初期化する": [
              "Succeeded"
            ]
          },
          "metadata": {
            "operationMetadataId": "df84bc28-55b8-4ece-b457-a4aa1b02f2f3"
          },
          "type": "InitializeVariable",
          "inputs": {
            "variables": [
              {
                "name": "Subject",
                "type": "string",
                "value": "お見積のご送付"
              }
            ]
          }
        },
        "変数Messageを初期化する": {
          "runAfter": {
            "変数を初期化する": [
              "Succeeded"
            ]
          },
          "metadata": {
            "operationMetadataId": "5775a00e-7b62-4de5-974b-509168c17c61"
          },
          "type": "InitializeVariable",
          "inputs": {
            "variables": [
              {
                "name": "Message",
                "type": "string"
              }
            ]
          }
        },
        "変数TrapURLを初期化する": {
          "runAfter": {},
          "metadata": {
            "operationMetadataId": "4d5cfe32-b9d9-411c-859b-16d2cbf0cb64"
          },
          "type": "InitializeVariable",
          "inputs": {
            "variables": [
              {
                "name": "TrapURL",
                "type": "string",
                "value": "https://prod-31.japaneast.logic.azure.com/workflows/b1068bfd44b14148a15ef3545b5b684f/triggers/manual/paths/invoke?api-version=2016-06-01&sp=%2Ftriggers%2Fmanual%2Frun&sv=1.0&sig=lUNQjIiTLkQXPtQFpFahFylV-mYqXhdUxS-8RRTFYNw&upn="
              }
            ]
          }
        },
        "変数を初期化する": {
          "runAfter": {
            "変数Subjectを初期化する": [
              "Succeeded"
            ]
          },
          "metadata": {
            "operationMetadataId": "2fb1f69f-8fa1-4378-a2ac-63a5c04e1ed6"
          },
          "type": "InitializeVariable",
          "inputs": {
            "variables": [
              {
                "name": "MessageTemplate",
                "type": "string",
                "value": "Contoso株式会社　ご担当者様<br>\n<br>\n平素よりお世話になっております。<br>\n株式会社Foobarの佐藤です。<br>\n<br>\nさて、先日ご依頼いただきましたお見積をご用意できましたので、<br>\n以下のリンクからご確認ください。<br>\n<a href=\"%URL%\">お見積書</a><br>\n<br>\nお忙しいところ大変恐れ入りますが、<br>\nご査収のほど何卒宜しくお願いいたします。"
              }
            ]
          }
        }
      },
      "outputs": {}
    }
  },
  "schemaVersion": "1.0.0.0"
}