{
  "properties": {
    "connectionReferences": {
      "shared_commondataserviceforapps": {
        "runtimeSource": "embedded",
        "connection": {
          "connectionReferenceLogicalName": "new_sharedcommondataserviceforapps_d04e4"
        },
        "api": {
          "name": "shared_commondataserviceforapps"
        }
      }
    },
    "definition": {
      "$schema": "https://schema.management.azure.com/providers/Microsoft.Logic/schemas/2016-06-01/workflowdefinition.json#",
      "contentVersion": "1.0.0.0",
      "parameters": {
        "$connections": {
          "defaultValue": {},
          "type": "Object"
        },
        "$authentication": {
          "defaultValue": {},
          "type": "SecureObject"
        }
      },
      "triggers": {
        "manual": {
          "metadata": {
            "operationMetadataId": "193b9523-d45e-4140-b837-8681e3c8142e"
          },
          "type": "Request",
          "kind": "Http",
          "inputs": {
            "method": "GET"
          }
        }
      },
      "actions": {
        "UPN": {
          "runAfter": {
            "JSON_の解析": [
              "Succeeded"
            ]
          },
          "metadata": {
            "operationMetadataId": "881df8f9-7534-4df9-bfe9-8e97193d5cea"
          },
          "type": "Compose",
          "inputs": "@body('JSON_の解析')?['upn']"
        },
        "JSON_の解析": {
          "runAfter": {},
          "metadata": {
            "operationMetadataId": "35d56e1a-b5d9-4220-ba31-f312d2d0b721"
          },
          "type": "ParseJson",
          "inputs": {
            "content": "@triggerOutputs()?['queries']",
            "schema": {
              "type": "object",
              "properties": {
                "upn": {
                  "type": "string"
                }
              }
            }
          }
        },
        "新しい行を追加する": {
          "runAfter": {
            "UPN": [
              "Succeeded"
            ]
          },
          "metadata": {
            "operationMetadataId": "f0dc0af9-ea1b-4b38-b6d1-75e0791c5136"
          },
          "type": "OpenApiConnection",
          "inputs": {
            "host": {
              "connectionName": "shared_commondataserviceforapps",
              "operationId": "CreateRecord",
              "apiId": "/providers/Microsoft.PowerApps/apis/shared_commondataserviceforapps"
            },
            "parameters": {
              "entityName": "ya_accesslogs",
              "item/ya_upn": "@outputs('UPN')"
            },
            "authentication": "@parameters('$authentication')"
          }
        }
      },
      "outputs": {}
    }
  },
  "schemaVersion": "1.0.0.0"
}